1;Chorley Park Study;You are in the third floor private study of Chorley Park. A quiet retreat complete with oak panelling, portraits of governors of a time long forgotten, a wing-tipped leather chair paired with an ornate wooden side table comfortably positioned to look out the window with view of the lush ravine lands. The only exit is a tight staircase leading down to the second level of the manse. ;1
2;Chorley Park Library Hall;You are in the library hall of Chorley Park with balcony view of the great hall below. Adjacent rooms lead to specific libraries of the new era technology and engineering. There is a tight staircase leading up and a grand stairway leading down to the hall proper.;25
3;Chorley Park Great Hall;You are in Chorley Park's Great Hall. At one time this room welcomed diplomats, foreign ministers, luminaries of higher learning, and heads of state, before the Age of Digital met its demise. Today it is a dusty reminder of days long past. There is a stairway leading up to the libraries of the second floor. The exit to the gardens is to the west.;90
4;Library of Mechanics;You are in the Library of Mechanics. Leather bound books and instruments demonstrating motion by steam, solar, and winding mechanics adorn the shelves. The library hall is to the south.;50
5;Chorley Park Front Gardens;You are in the grand front gardens of the mansion. Lush flowers and topiaries border the moonlit interlock pathway that leads out to the Roxborough street path westward by the steam-powered mechanical horse and carriage shuttle service.;25
6;Rebellion House on Yonge; You are standing in front of the famous Rebellion House tavern on Yonge Street. Its entrance is to the west, while Yonge St. extends north and south from here. A mechanical steam-powered horse and carriage shuttle service waits here to take weary travellers to Chorley Park.;40
7;Rosedale Station;You are standing inside the Rosedale TTC station. A rusted automaton token collector scans the premises for fare jumpers. There is a stairway leading down to the subway platform.;10
8;Rosedale Subway Platform;You are on the Rosedale subway platform. The departure board clatters over to the next service, and warm sulphurous air rolls up the tunnel ahead of it. A condensing locomotive stands hissing at the head of four varnished carriages, brasswork polished, gas mantles lit behind the glass. A guard automaton walks the platform edge, calling passengers back from the yellow line. From here you can travel north to Summerhill or south to Bloor by train, or take the stairway back up to the station.;30
9;Rebellion House (main floor); You are in the famed Rebellion House tavern. There is an ornate bar and a studious group of patrons sitting and discussing the issues of the day. There is a stairwell in the back that leads to the upper level.;5
10;Rebellion House (upper floor); You are on the upper level of the Rebellion House Tavern. It features a roaring fireplace with some wingback chairs where patrons can unwind. There is a stairwell in the back that leads back down to the main floor.;25
11;Five Thieves;You are on the Yonge street main strip by the Five Thieves in front of the All the Finest Potions Apothecary. Its entrance is to the east. You can also continue north and south along Yonge st.;15
12;All the Finest Potions Apothecary;You are inside the famed All the Finest Potions Apothecary, one of the Five Thieves.;5
13;Five Thieves;You are on the Yonge street main strip by the Five Thieves in front of Harvest Metalworks. Its entrance is to the east. You can also continue north and south along Yonge st.;15
14;Harvest Metalworks;You are inside Harvest Metalworks, a metal and antique specialty store, and one of the Five Thieves.;5
15;Five Thieves;You are on the Yonge street main strip by the Five Thieves in front of Aries Haberdashery. Its entrance is to the east. You can also continue north and south along Yonge st.;15
16;Aries Haberdashery;You are inside Aries Haberdashery, a purveyor of fine articles of clothing, one of the Five Thieves.;5
17;Five Thieves;You are on the Yonge street main strip by the Five Thieves in front of Olaff's Millinery. Its entrance is to the east. You can also continue north and south along Yonge st.;15
18;Olaff's Millinery;You are inside Olaff's Millinery, one of the Five Thieves.;5
19;Five Thieves;You are on the Yonge street main strip by the Five Thieves in front of Patachou of Versailles. Its entrance is to the east. This is the top of the strip - Yonge street continues north toward the railway lands and south along the shopfronts.;15
20;Patachou of Versailles; You are inside Patachou of Versailles, a jewelry and luxury goods store.;5
21;Ramsden Park;You are on the Yonge street path where it skirts Ramsden Park. The old brickyard clay pits have long since been filled and planted over, and gas lamps trace the gravel walks that wander between them. A groundskeeper's boiler shed vents softly into the cold, and something unseen moves in the hedgerows. Rosedale station lies north, and Yonge street continues south.;45
22;Yonge and Asquith;You are on Yonge street at Asquith, before the broad steps of the Reference Library. Brass letters above the doors read KNOWLEDGE OUTLIVES THE MACHINE, and lamplight spills from the tall windows onto the wet pavement. A queue of hooded scholars waits to be admitted. The library entrance is to the east. Yonge street runs north and south.;20
23;The Reference Library;You are in the Great Atrium of the Reference Library, five brass-railed tiers of shelving rising around a still pool of lamplight. This is the largest hoard of paper left in the city - everything the Age of Digital was careless enough to entrust to glass and current died with it, and what stands here is all that remains of the rest. Clerk automatons glide the upper tiers on rails, refiling by touch alone. The doors to Yonge street are west.;5
24;The Great Crossing;You are at the Great Crossing, where Yonge street meets Bloor. Four corners of soot-darkened stone, a clock tower whose four faces no longer agree with one another, and the awnings of the great emporium running the length of the block opposite. Steam drays and hand-carts contest the intersection at all hours. Yonge street runs north, Bloor street west toward the Mink Mile, and a wide stair descends to the Bloor-Yonge interchange.;40
25;Bloor-Yonge Interchange;You are on the deep platform level of Bloor-Yonge, where the Yonge line crosses beneath the Bloor line - the busiest junction on the system and the loudest room beneath the city. Cream and maroon tilework, blow-off gratings venting steam up into the street above, and a signal gantry of brass levers worked by an automaton in Commission livery. Locomotives come and go in a fog of smoke and coal-smell, couplings ringing down the length of the train. From here you can travel north to Rosedale or south to Wellesley by train. The stairs lead up to the Great Crossing.;25
26;The Mink Mile;You are on Bloor street west of Yonge, on the stretch the merchants still call the Mink Mile. Plate glass, furriers, and window displays lit warm against the dark - the sort of goods that only exist where old money came through the collapse intact. A doorman automaton in a braided greatcoat holds the door to Voss & Blackwood, a furrier, to the north, and looks you over without comment. Bloor street continues east to the Great Crossing and west along the Mink Mile.;25
38;The Mink Mile;You continue west along the Mink Mile. A pharmacist's lamp burns green in a window to the north, marked THE IVY CROSS DISPENSARY in gilt lettering. Bloor street continues east back toward the Great Crossing and west along the Mink Mile.;25
39;Voss & Blackwood Furriers;You are inside Voss & Blackwood Furriers, its window display a wall of sealskin and ermine catching the gaslight. The doorman automaton stands sentry just inside, saying nothing. The door south leads back out to the Mink Mile.;5
40;The Mink Mile;The street narrows here, awnings meeting nearly overhead. Warm light and the smell of roasting game spill from a doorway to the north beneath a brass sign reading THE ALDERNEY ROOM. Bloor street continues east and west along the Mink Mile.;25
41;The Ivy Cross Dispensary;You are inside the Ivy Cross Dispensary, a narrow room of dark wood cabinets and glass bottles, warmed by a single low fire. The air smells of camphor and rosewater. The door south leads back out to the Mink Mile.;5
42;The Mink Mile;A haze of pipe smoke and rosewater drifts from a shopfront to the north, its window crowded with humidors and cut-glass bottles - STERLING & VANE, the sign reads. Bloor street continues east and west along the Mink Mile.;25
43;The Alderney Room;You are inside the Alderney Room, a supper club of white linen and low candlelight, waiters moving between the tables without seeming to hurry. The door south leads back out to the Mink Mile.;5
44;The Mink Mile;The last of the shopfronts before the street opens onto the church square. A window to the north displays articulated brass limbs and a rack of goggles - GRIEVE & SONS, CLOCKWORK OUTFITTERS. Bloor street continues east along the Mink Mile and west toward the Church of the Redeemer.;25
45;Sterling & Vane, Tobacconists and Perfumers;You are inside Sterling & Vane, shelves of cigar boxes and stoppered perfume bottles rising to the ceiling on a rolling ladder. The door south leads back out to the Mink Mile.;5
46;Grieve & Sons, Clockwork Outfitters;You are inside Grieve & Sons, workbenches cluttered with gears, leather straps, and half-finished prosthetics. Old Mr. Grieve does not look up from his work. The door south leads back out to the Mink Mile.;5
27;The Church of the Redeemer;You are at Bloor and Avenue road, in the shadow of the Church of the Redeemer. Gothic stone, a slate roof gone green with age, and a bell that is rung by hand now because the striking mechanism was sold for scrap in the lean years. The rectory keeps a lamp burning in the porch for anyone caught out after dark. Bloor street runs east to the Mink Mile and west toward Queen's Park.;20
28;The Museum Rotunda;You are beneath the mosaic dome of the Royal Ontario Museum's rotunda, where Bloor street meets Queen's Park. A million tesserae of gold and lapis arch overhead, and beneath them stand the halls of a civilization that catalogued everything and preserved almost none of it. Cases of clockwork curiosities line the walls, several of them wound and still ticking. Bloor street is east, and a stair descends to Museum station.;30
29;Wellesley Station;You are on the Wellesley platform, a narrow island of tile between two live running lines. A hand-lettered board lists the services, and beneath it a notice in red enamel: PASSENGERS MUST NOT DESCEND TO THE TRACK. Whatever the notice is meant to prevent has happened here before - the tilework at the platform edge is chipped and scorched, and nobody stands nearer to it than they have to. From here you can travel north to Bloor or south to College by train.;30
30;College Park Concourse;You are in the underground concourse at Yonge and College, where the College station platform opens directly into the arcade beneath the old Eaton's department store. Terrazzo floors, chevrons of black and gold, and shopfronts in the severe modern manner of the last years before the fall. Steam drifts in from the platform behind you and hangs under the low ceiling. A grand stair sweeps up toward the Carlu on the seventh floor, where they say the round room's chandelier is still lit for concerts. From here you can travel north to Wellesley by train.;35
31;Yonge at Marlborough;You are on Yonge street above the strip, where the shopfronts give way to coal yards and the brick embankment of the railway. The clock tower of the North Toronto station stands over the rooftops ahead, its four faces lit from within. A goods train rumbles across the bridge overhead and showers the road with cinders. Yonge street runs north toward Scrivener square and south to the Five Thieves.;35
32;Scrivener Square;You are in Scrivener square, the cobbled forecourt of the North Toronto railway station. The tower rises a hundred and forty feet above you in Indiana limestone, modelled after the campanile at Venice, and its bell marks the quarter hours over half of Rosedale. Steam drays wait in a rank for the London train, their boilers ticking as they cool. The station doors are north, Summerhill avenue climbs east toward the reservoir, Yonge street runs south, and a stair descends to the Summerhill platform.;25
33;North Toronto Station;You are in the great hall of the North Toronto railway station. Vaulted plaster forty feet overhead, a floor of Missouri marble worn into channels by a century of boots, and a departure board of clattering brass vanes that nobody has ever managed to silence. Ticket clerks work behind grilles of wrought iron while mail automatons trundle sacks toward the platforms. A stair in the corner climbs to the clock tower. The square is south.;15
34;The Clock Tower;You are in the clock chamber at the top of the tower. Four great dials of milk glass glow around you, and behind them the movement turns on a train of gears the size of cartwheels, wound each week by a keeper who climbs the stair with a crank on his shoulder. Through the louvres the whole city lies out in gaslight, from the ravine lands to the harbour. The stair descends to the great hall.;10
35;Summerhill Station;You are on the Summerhill subway platform, where the line ends. The platform is short, and the tunnel beyond it stops at a wall of fitted stone where the works were halted and never resumed. A locomotive waits at the buffers with its fire banked while the crew take their tea on an upturned crate. From here you can travel south to Rosedale by train, or take the stair up to Scrivener square.;25
36;The Rosehill Reservoir;You are on the embankment of the Rosehill reservoir, a still black rectangle of water held in dressed stone above the city. The pumping house at its head works day and night, and the beam of its engine rises and falls behind tall windows with a sound like a slow heart. Beyond the far parapet the ground falls away into the wooded cleft of the Vale of Avoca. Summerhill avenue descends west to Scrivener square.;40
37;The Train Shed;You are under the glazed roof of the station train shed, where the mainline platforms lie behind a rank of iron gates. A boat train for Montreal stands waiting with its carriage doors open and a conductor automaton walking the length of it, slamming them shut one by one. Coal smoke gathers in the vault overhead and drifts out through the louvres in long grey ribbons. The great hall is south.;20
